ProductID,ClusterAssignment
5,6
6,0
7,0
8,0
9,7
10,1
11,3
12,0
13,1
14,6
15,0
16,1
17,1
18,2
19,6
20,2
21,3
22,7
23,7
24,5
25,2
26,3
27,2
28,2
29,7
30,2
31,0
32,0
33,2
34,0
35,2
36,7
37,8
38,0
39,2
40,2
41,0
42,7
43,1
44,6
45,2
46,7
47,1
48,0
49,6
50,2
51,6
52,7
53,7
54,8
55,0
56,1
57,0
58,7
59,1
60,1
61,6
62,3
63,4
64,7
65,0
66,4
67,1
68,4
69,7
70,6
71,7
72,5
73,2
74,4
75,2
76,7
77,2
78,2
79,0
80,0
81,8
82,1
83,6
84,5
85,5
86,0
87,6
88,7
89,2
90,4
91,1
92,7
93,0
94,2
95,6
96,0
97,8
98,6
99,6
100,6
101,7
102,5
103,1
104,6
105,8
106,3
107,1
108,2
109,7
110,5
111,1
112,7
113,7
114,7
115,4
116,1
117,7
118,0
119,1
120,1
121,1
122,5
123,7
124,6
125,2
126,1
127,2
128,7
129,1
130,2
131,1
132,7
133,2
134,4
135,2
136,3
137,6
138,3
139,0
140,5
141,5
142,7
143,3
144,0
145,2
146,0
147,2
148,5
149,6
150,2
151,8
152,6
153,2
154,6
155,0
156,6
157,8
158,0
159,5
160,6
161,1
162,6
163,1
164,4
165,0
166,3
167,1
168,6
169,6
170,1
171,7
172,2
173,0
174,6
175,1
176,1
177,2
178,6
179,0
180,2
181,7
182,4
183,8
184,4
185,6
186,0
187,5
188,2
189,1
190,3
191,1
192,5
193,4
194,6
195,6
196,5
197,7
198,7
199,0
200,2
201,6
202,2
203,3
204,1
205,0
206,7
207,4
208,1
209,5
210,1
211,7
212,6
213,0
214,2
215,5
216,2
217,7
218,5
219,4
220,0
221,3
222,6
223,6
224,5
225,1
226,6
227,2
228,0
229,0
230,6
231,6
232,6
233,1
234,1
235,6
236,7
237,4
238,6
239,4
240,2
241,0
242,2
243,4
244,5
245,5
246,3
247,7
248,6
249,7
250,2
251,6
252,6
253,0
254,1
255,7
256,7
257,4
258,6
259,5
260,6
261,0
262,0
263,6
264,7
265,1
266,5
267,7
268,5
269,0
270,2
271,4
272,3
273,0
274,0
275,5
276,0
277,1
278,7
279,2
280,6
281,2
282,5
283,8
284,4
285,6
286,6
287,6
288,5
289,2
290,5
291,4
292,8
293,6
294,2
295,1
296,2
297,6
298,0
299,5
300,0
301,1
302,0
303,1
304,5
305,6
306,7
307,2
308,2
309,8
310,0
311,4
312,2
313,7
314,0
315,2
316,5
317,8
318,7
319,2
320,1
321,1
322,2
323,5
324,2
325,0
326,1
327,2
328,3
329,1
330,6
331,7
332,4
333,6
334,7
335,4
336,3
337,1
338,0
339,5
340,4
341,6
342,1
343,3
344,8
345,8
346,2
347,7
348,4
349,1
350,3
351,6
352,1
353,7
354,8
355,6
356,5
357,0
358,7
359,0
360,0
361,0
362,6
363,6
364,5
365,2
366,7
367,5
368,7
369,0
370,7
371,8
372,7
373,2
374,0
375,0
376,2
377,2
378,1
379,6
380,4
381,7
382,0
383,0
384,6
385,2
386,1
387,0
388,1
389,7
390,4
391,1
392,6
393,7
394,4
395,8
396,8
397,2
398,2
399,8
400,0
401,0
402,1
403,0
404,2
405,6
406,7
407,1
408,0
409,1
410,6
411,2
412,1
413,0
414,2
415,8
416,7
417,7
418,7
419,5
420,8
421,2
422,2
423,1
424,1
425,5
426,2
427,0
428,1
429,7
430,6
431,2
432,5
433,8
434,0
435,2
436,6
437,1
438,8
439,1
440,1
441,7
442,2
443,0
444,6
445,2
446,7
447,2
448,0
449,0
450,7
451,6
452,2
453,6
454,6
455,6
456,6
457,3
458,5
459,6
460,7
461,6
462,1
463,1
464,7
465,5
466,5
467,5
468,6
469,2
470,4
471,1
472,6
473,2
474,5
475,0
476,1
477,7
478,8
479,7
480,3
481,1
482,3
483,4
484,0
485,4
486,3
487,2
488,3
489,7
490,5
491,3
492,1
493,2
494,0
495,2
496,7
497,0
498,5
499,5
500,7
501,1
502,7
503,7
504,6
505,6
506,0
507,7
508,5
509,6
510,5
511,7
512,4
513,2
514,5
515,5
516,2
517,2
518,2
519,4
520,3
521,1
522,6
523,1
524,1
525,7
526,6
527,7
528,6
529,5
530,0
531,4
532,6
533,0
534,2
535,7
536,6
537,2
538,0
539,7
540,7
541,3
542,7
543,6
544,8
545,0
546,7
547,0
548,1
549,0
550,1
551,4
552,7
553,4
554,4
555,0
556,5
557,1
558,5
559,6
560,0
561,1
562,2
563,2
564,0
565,0
566,0
567,0
568,6
569,1
570,2
571,2
572,0
573,8
574,0
575,0
576,7
577,4
578,5
579,2
580,3
581,6
582,2
583,0
584,7
585,7
586,1
587,0
588,6
589,6
590,1
591,2
592,6
593,1
594,4
595,6
596,6
597,6
598,1
599,2
600,8
601,2
602,2
603,5
604,6
605,2
606,7
607,5
608,2
609,0
610,7
611,0
612,7
613,5
614,8
615,4
616,6
617,8
618,7
619,7
620,7
621,1
622,3
623,2
624,1
625,0
626,6
627,8
628,5
629,5
630,0
631,7
632,1
633,0
634,0
635,6
636,6
637,1
638,1
639,0
640,3
641,8
642,4
643,4
644,5
645,5
646,4
647,7
648,8
649,5
650,7
651,1
652,5
653,6
654,5
655,1
656,7
657,4
658,2
659,7
660,0
661,7
662,8
663,2
664,7
665,2
666,5
667,5
668,5
669,7
670,8
671,6
672,1
673,4
674,0
675,6
676,0
677,7
678,7
679,5
680,6
681,6
682,0
683,6
684,7
685,1
686,5
687,7
688,6
689,5
690,0
691,2
692,8
693,7
694,6
695,5
696,6
697,5
698,0
699,4
700,2
701,7
702,0
703,2
704,7
705,0
706,5
707,7
708,2
709,8
710,3
711,0
712,2
713,0
714,0
715,0
716,4
717,5
718,2
719,6
720,7
721,7
722,7
723,1
724,7
725,4
726,1
727,2
728,5
729,0
730,4
731,2
732,7
733,6
734,3
735,7
736,8
737,6
738,0
739,4
740,6
741,5
742,8
743,1
744,0
745,3
746,7
747,2
748,4
749,5
750,4
751,1
752,5
753,8
754,0
755,2
756,6
757,2
758,2
759,6
760,2
761,2
762,4
763,0
764,1
765,8
766,1
767,4
768,1
769,6
770,7
771,4
772,8
773,6
774,0
775,2
776,8
777,0
778,8
779,2
780,0
781,2
782,3
783,4
784,0
785,7
786,4
787,2
788,1
789,2
790,7
791,4
792,5
793,0
794,7
795,6
796,2
797,2
798,7
799,5
800,1
801,7
802,6
803,0
804,8
805,7
806,5
807,1
808,5
809,5
810,4
811,5
812,1
813,0
814,4
815,1
816,6
817,7
818,8
819,1
820,5
821,2
822,4
823,5
824,3
825,2
826,0
827,0
828,6
829,7
830,7
831,4
832,2
833,1
834,1
835,1
836,8
837,5
838,3
839,6
840,2
841,1
842,7
843,0
844,6
845,7
846,7
847,1
848,1
849,0
850,2
851,4
852,0
853,8
854,6
855,1
856,5
857,8
858,5
859,1
860,2
861,2
862,8
863,4
864,7
865,1
866,0
867,2
868,4
869,6
870,2
871,3
872,6
873,1
874,8
875,2
876,6
877,3
878,7
879,1
880,1
881,1
882,0
883,6
884,1
885,2
886,6
887,5
888,0
889,1
890,8
891,7
892,5
893,2
894,1
895,6
896,4
897,8
898,4
899,2
900,1
901,5
902,4
903,6
904,2
905,0
906,2
907,0
908,8
909,6
910,7
911,5
912,7
913,4
914,1
915,5
916,8
917,0
918,7
919,8
920,5
921,1
922,1
923,5
924,6
925,6
926,0
927,8
928,3
929,4
930,6
931,1
932,5
933,4
934,0
935,4
936,2
937,1
938,0
939,0
940,1
941,1
942,6
943,1
944,2
945,0
946,7
947,1
948,3
949,7
950,6
951,6
952,2
953,7
954,6
955,0
956,7
957,5
958,0
959,6
960,2
961,2
962,2
963,0
964,5
965,2
966,5
967,5
968,2
969,7
970,1
971,0
972,2
973,6
974,7
975,7
976,2
977,0
978,8
979,6
980,6
981,6
982,7
983,2
984,7
985,0
986,2
987,1
988,0
989,7
990,6
991,7
992,2
993,7
994,5
995,2
996,0
997,5
998,8
999,2
1000,7
1001,1
1002,5
1003,7
1004,2
1005,5
1006,8
1007,7
1008,0
1009,5
1010,6
1011,1
1012,1
1013,2
1014,5
1015,5
1016,1
1017,3
1018,2
1019,0
1020,5
1021,6
1022,1
1023,6
1024,0
1025,7
1026,7
1027,6
1028,2
1029,7
1030,1
1031,6
1032,2
1033,2
1034,2
1035,7
1036,0
1037,0
1038,6
1039,0
1040,7
1041,0
1042,6
1043,7
1044,6
1045,0
1046,7
1047,0
1048,0
1049,6
1050,0
1051,2
1052,5
1053,2
1054,0
1055,0
1056,7
1057,1
1058,4
1059,2
1060,0
1061,7
1062,7
1063,2
1064,0
1065,7
1066,5
1067,7
1068,5
1069,7
1070,1
1071,6
1072,0
1073,5
1074,0
1075,3
1076,5
1077,2
1078,4
1079,8
1080,3
1081,0
1082,4
1083,0
1084,3
1085,6
1086,1
1087,1
1088,7
1089,6
1090,6
1091,6
1092,0
1093,2
1094,2
1095,7
1096,2
1097,7
1098,6
1099,6
1100,2
1101,7
1102,6
1103,0
1104,1
1105,6
1106,0
1107,8
1108,0
1109,6
1110,7
1111,7
1112,1
1113,0
1114,5
1115,4
1116,6
1117,7
1118,1
1119,7
1120,6
1121,2
1122,2
1123,7
1124,6
1125,5
1126,1
1127,7
1128,1
1129,4
1130,6
1131,0
1132,7
1133,2
1134,0
1135,7
1136,1
1137,5
1138,0
1139,4
1140,2
1141,0
1142,5
1143,0
1144,3
1145,7
1146,7
1147,0
1148,8
1149,0
1150,5
1151,7
1152,1
1153,0
1154,8
1155,0
1156,2
1157,2
1158,0
1159,7
1160,0
1161,3
1162,5
1163,7
1164,7
1165,7
1166,8
1167,7
1168,2
1169,5
1170,8
1171,0
1172,0
1173,3
1174,5
1175,8
1176,0
1177,7
1178,4
1179,5
1180,6
1181,7
1182,3
1183,6
1184,5
1185,5
1186,8
1187,7
1188,6
1189,5
1190,3
1191,1
1192,5
1193,5
1194,5
1195,4
1196,5
1197,1
1198,0
1199,5
1200,8
1201,6
1202,4
1203,0
1204,7
1205,5
1206,0
1207,0
1208,7
1209,5
1210,5
1211,8
1212,2
1213,2
1214,3
1215,1
1216,1
1217,8
1218,7
1219,5
1220,7
1221,6
1222,0
1223,0
1224,4
1225,5
1226,0
1227,1
1228,2
1229,6
1230,5
1231,2
1232,5
1233,2
1234,2
1235,6
1236,5
1237,0
1238,3
1239,5
1240,2
1241,2
1242,2
1243,1
1244,2
1245,7
1246,0
1247,0
1248,7
1249,2
1250,5
1251,5
1252,8
1253,0
1254,0
1255,0
1256,2
1257,5
1258,7
1259,7
1260,1
1261,2
1262,7
1263,4
1264,7
1265,6
1266,2
1267,2
1268,5
1269,5
1270,2
1271,1
1272,4
1273,6
1274,0
1275,8
1276,5
1277,0
1278,6
1279,2
1280,3
1281,0
1282,8
1283,1
1284,2
1285,1
1286,6
1287,0
1288,7
1289,2
1290,3
1291,2
1292,6
1293,7
1294,6
1295,4
1296,5
1297,7
1298,0
1299,8
1300,6
1301,2
1302,8
1303,7
1304,3
1305,6
1306,2
1307,1
1308,1
1309,7
1310,6
1311,5
1312,5
1313,0
1314,0
1315,2
1316,5
1317,0
1318,1
1319,0
1320,5
1321,4
1322,6
1323,2
1324,7
1325,5
1326,6
1327,7
1328,5
1329,2
1330,3
1331,7
1332,6
1333,8
1334,4
1335,0
1336,3
1337,5
1338,6
1339,6
1340,6
1341,0
1342,4
1343,0
1344,8
1345,6
1346,1
1347,0
1348,1
1349,2
1350,7
1351,4
1352,8
1353,1
1354,0
1355,0
1356,7
1357,5
1358,6
1359,6
1360,2
1361,3
1362,2
1363,5
1364,1
1365,2
1366,7
1367,8
1368,1
1369,1
1370,1
1371,2
1372,7
1373,1
1374,1
1375,1
1376,0
1377,5
1378,7
1379,4
1380,1
1381,5
1382,0
1383,7
1384,6
1385,1
1386,2
1387,2
1388,3
1389,6
1390,5
1391,6
1392,1
1393,0
1394,6
1395,1
1396,0
1397,2
1398,1
1399,7
1400,4
1401,2
1402,6
1403,7
1404,7
1405,1
1406,6
1407,6
1408,7
1409,8
1410,6
1411,1
1412,6
1413,5
1414,5
1415,1
1416,6
1417,7
1418,0
1419,1
1420,6
1421,7
1422,6
1423,6
1424,4
1425,1
1426,5
1427,7
1428,7
1429,1
1430,7
1431,5
1432,0
1433,8
1434,3
1435,5
1436,5
1437,8
1438,2
1439,0
1440,7
1441,6
1442,3
1443,6
1444,2
1445,0
1446,0
1447,4
1448,8
1449,3
1450,0
1451,1
1452,1
1453,0
1454,5
1455,5
1456,7
1457,3
1458,5
1459,0
1460,6
1461,5
1462,6
1463,0
1464,0
1465,5
1466,3
1467,0
1468,0
1469,7
1470,5
1471,4
1472,7
1473,0
1474,1
1475,1
1476,6
1477,2
1478,7
1479,1
1480,5
1481,5
1482,2
1483,7
1484,0
1485,5
1486,2
1487,4
1488,7
1489,7
1490,2
1491,1
1492,1
1493,5
1494,0
1495,3
1496,6
1497,0
1498,1
1499,7
1500,7
1501,8
1502,0
1503,0
1504,2
1505,2
1506,5
1507,2
1508,8
1509,5
1510,7
1511,2
1512,7
1513,6
1514,2
1515,7
1516,8
1517,5
1518,6
1519,7
1520,3
1521,2
1522,1
1523,2
1524,6
1525,2
1526,6
1527,2
1528,7
1529,6
1530,1
1531,7
1532,6
1533,0
1534,1
1535,7
1536,0
1537,5
1538,0
1539,7
1540,7
1541,5
1542,5
1543,6
1544,1
1545,0
1546,8
1547,0
1548,1
1549,7
1550,2
1551,7
1552,0
1553,8
1554,6
1555,7
1556,1
1557,5
1558,5
1559,0
1560,2
1561,6
1562,1
1563,1
1564,7
1565,2
1566,8
1567,0
1568,3
1569,5
1570,0
1571,1
1572,2
1573,0
1574,0
1575,1
1576,7
1577,1
1578,7
1579,6
1580,7
1581,0
1582,8
1583,5
1584,7
1585,7
1586,2
1587,5
1588,7
1589,8
1590,2
1591,2
1592,3
1593,2
1594,2
1595,3
1596,7
1597,0
1598,0
1599,2
1600,8
1601,2
1602,0
1603,6
1604,2
1605,8
1606,1
1607,6
1608,1
1609,7
1610,6
1611,2
1612,6
1613,8
1614,1
1615,2
1616,4
1617,7
1618,7
1619,7
1620,0
1621,2
1622,4
1623,4
1624,6
1625,7
1626,5
1627,0
1628,3
1629,2
1630,1
1631,8
1632,7
1633,7
1634,7
1635,7
1636,6
1637,7
1638,0
1639,6
1640,2
1641,3
1642,5
1643,7
1644,2
1645,2
1646,6
1647,6
1648,7
1649,8
1650,1
1651,8
1652,2
1653,5
1654,1
1655,8
1656,6
1657,6
1658,2
1659,2
1660,6
1661,7
1662,1
1663,0
1664,8
1665,2
1666,5
1667,2
1668,8
1669,2
1670,5
1671,7
1672,2
1673,1
1674,6
1675,6
1676,7
1677,0
1678,0
1679,2
1680,7
1681,7
1682,0
1683,3
1684,2
1685,0
1686,8
1687,8
1688,7
1689,2
1690,2
1691,5
1692,5
1693,6
1694,7
1695,0
1696,5
1697,2
1698,8
1699,0
1700,7
1701,6
1702,6
1703,2
1704,2
1705,6
1706,2
1707,0
1708,7
1709,5
1710,1
1711,2
1712,3
1713,2
1714,1
1715,5
1716,0
1717,8
1718,6
1719,2
1720,1
1721,2
1722,0
1723,3
1724,4
1725,6
1726,0
1727,7
1728,2
1729,6
1730,1
1731,0
1732,3
1733,3
1734,1
1735,5
1736,2
1737,7
1738,1
1739,5
1740,1
1741,7
1742,2
1743,6
1744,2
1745,0
1746,6
1747,2
1748,8
1749,8
1750,6
1751,0
1752,6
1753,5
1754,2
1755,7
1756,0
1757,5
1758,5
1759,0
1760,5
1761,2
1762,7
1763,7
1764,2
1765,6
1766,2
1767,4
1768,5
1769,5
1770,6
1771,5
1772,0
1773,4
1774,4
1775,1
1776,1
1777,2
1778,0
1779,5
1780,2
1781,2
1782,7
1783,7
1784,5
1785,5
1786,1
1787,3
1788,6
1789,3
1790,3
1791,1
1792,6
1793,3
1794,6
1795,2
1796,7
1797,0
1798,0
1799,6
1800,2
1801,8
1802,6
1803,4
1804,5
1805,1
1806,5
1807,4
1808,0
1809,4
1810,2
1811,1
1812,6
1813,2
1814,0
1815,7
1816,7
1817,0
1818,6
1819,0
1820,5
1821,6
1822,0
1823,8
1824,5
1825,2
1826,2
1827,2
1828,5
1829,0
1830,5
1831,2
1832,0
1833,6
1834,6
1835,6
1836,5
1837,0
1838,2
1839,6
1840,6
1841,5
1842,5
1843,2
1844,4
1845,6
1846,2
1847,7
1848,0
1849,1
1850,0
1851,2
1852,1
1853,5
1854,2
1855,1
1856,2
1857,5
1858,0
1859,8
1860,0
1861,2
1862,1
1863,5
1864,5
1865,0
1866,1
1867,0
1868,5
1869,0
1870,1
1871,0
1872,2
1873,0
1874,3
1875,5
1876,2
1877,5
1878,8
1879,6
1880,5
1881,5
1882,6
1883,1
1884,7
1885,1
1886,0
1887,6
1888,3
1889,1
1890,7
1891,0
1892,1
1893,2
1894,7
1895,0
1896,7
1897,1
1898,6
1899,7
1900,0
1901,5
1902,1
1903,0
1904,5
1905,7
1906,2
1907,2
1908,3
1909,5
1910,2
1911,2
1912,2
1913,6
1914,5
1915,0
1916,0
1917,3
1918,2
1919,7
1920,2
1921,6
1922,7
1923,7
1924,1
1925,2
1926,0
1927,0
1928,2
1929,6
1930,7
1931,0
1932,2
1933,8
1934,2
1935,5
1936,2
1937,8
1938,2
1939,5
1940,0
1941,7
1942,8
1943,0
1944,2
1945,1
1946,6
1947,6
1948,1
1949,6
1950,6
1951,7
1952,4
1953,6
1954,1
1955,5
1956,5
1957,6
1958,6
1959,3
1960,7
1961,0
1962,1
1963,2
1964,1
1965,8
1966,6
1967,7
1968,5
1969,2
1970,1
1971,0
1972,6
1973,6
1974,6
1975,5
1976,6
1977,2
1978,6
1979,8
1980,0
1981,1
1982,3
1983,1
1984,2
1985,3
1986,1
1987,5
1988,8
1989,0
1990,1
1991,0
1992,1
1993,6
1994,1
1995,7
1996,2
1997,7
1998,0
1999,7
2000,7
2001,2
2002,0
2003,0
2004,1
2005,1
2006,0
2007,5
2008,5
2009,0
2010,1
2011,4
2012,7
2013,5
2014,6
2015,0
2016,7
2017,0
2018,1
2019,0
2020,1
2021,7
2022,5
2023,3
2024,2
2025,5
2026,2
2027,5
2028,2
2029,6
2030,0
2031,6
2032,2
2033,1
2034,2
2035,6
2036,2
2037,3
2038,8
2039,6
2040,5
2041,2
2042,6
2043,5
2044,3
2045,3
2046,7
2047,5
2048,0
2049,6
2050,4
2051,7
2052,6
2053,2
2054,2
2055,1
2056,0
2057,0
2058,2
2059,0
2060,0
2061,0
2062,5
2063,6
2064,2
2065,6
2066,1
2067,2
2068,7
2069,1
2070,1
2071,1
2072,2
2073,0
2074,4
2075,5
2076,1
2077,1
2078,5
2079,7
2080,2
2081,6
2082,2
2083,2
2084,6
2085,7
2086,6
2087,1
2088,1
2089,8
2090,7
2091,7
2092,5
2093,1
2094,0
2095,6
2096,7
2097,6
2098,5
2099,1
2100,6
2101,5
2102,0
2103,0
2104,0
2105,3
2106,5
2107,3
2108,3
2109,4
2110,3
2111,1
2112,2
2113,2
2114,1
2115,0
2116,6
2117,3
2118,1
2119,2
2120,5
2121,7
2122,1
2123,2
2124,8
2125,0
2126,0
2127,2
2128,2
2129,0
2130,0
2131,0
2132,0
2133,7
2134,0
2135,2
2136,6
2137,7
2138,0
2139,0
2140,2
2141,5
2142,0
2143,0
2144,4
2145,5
2146,6
2147,7
2148,5
2149,0
2150,4
2151,3
2152,7
2153,1
2154,5
2155,1
2156,7
2157,7
2158,5
2159,3
2160,7
2161,2
2162,0
2163,6
2164,0
2165,5
2166,0
2167,4
2168,7
2169,4
2170,7
2171,6
2172,7
2173,8
2174,6
2175,6
2176,5
2177,3
2178,6
2179,8
2180,2
2181,1
2182,5
2183,5
2184,0
2185,7
2186,6
2187,0
2188,7
2189,3
2190,6
2191,2
2192,7
2193,8
2194,6
2195,8
2196,7
2197,0
2198,5
2199,5
2200,7
2201,2
2202,1
2203,1
2204,2
2205,7
2206,6
2207,7
2208,3
2209,3
2210,1
2211,0
2212,7
2213,8
2214,0
2215,1
2216,0
2217,2
2218,5
2219,2
2220,1
2221,2
2222,7
2223,7
2224,7
2225,6
2226,4
2227,2
2228,5
2229,2
2230,7
2231,5
2232,0
2233,6
2234,3
2235,6
2236,7
2237,1
2238,5
2239,2
2240,7
2241,0
2242,1
2243,7
2244,2
2245,1
2246,3
2247,7
2248,6
2249,7
2250,3
2251,8
2252,6
2253,4
2254,4
2255,2
2256,1
2257,3
2258,2
2259,6
2260,1
2261,2
2262,7
2263,1
2264,8
2265,6
2266,7
2267,0
2268,5
2269,1
2270,6
2271,7
2272,6
2273,6
2274,5
2275,3
2276,0
2277,1
2278,7
2279,7
2280,7
2281,0
2282,1
2283,8
2284,2
2285,0
2286,1
2287,4
2288,1
2289,6
2290,6
2291,7
2292,8
2293,7
2294,0
2295,7
2296,1
2297,4
2298,5
2299,8
2300,6
2301,2
2302,6
2303,2
2304,3
2305,5
2306,2
2307,4
2308,5
2309,0
2310,2
2311,1
2312,5
2313,1
2314,7
2315,2
2316,5
2317,1
2318,0
2319,4
2320,7
2321,8
2322,2
2323,0
2324,0
2325,0
2326,4
2327,5
2328,2
2329,5
2330,3
2331,1
2332,5
2333,2
2334,6
2335,0
2336,2
2337,4
2338,5
2339,7
2340,6
2341,2
2342,8
2343,1
2344,2
2345,1
2346,2
2347,1
2348,1
2349,1
2350,0
2351,2
2352,6
2353,0
2354,1
2355,0
2356,0
2357,6
2358,8
2359,0
2360,2
2361,0
2362,6
2363,5
2364,7
2365,6
2366,8
2367,2
2368,7
2369,5
2370,1
2371,0
2372,1
2373,3
2374,2
2375,3
2376,0
2377,6
2378,2
2379,1
2380,4
2381,0
2382,8
2383,4
2384,0
2385,7
2386,3
2387,7
2388,3
2389,7
2390,5
2391,6
2392,3
2393,6
2394,0
2395,6
2396,1
2397,5
2398,7
2399,6
2400,7
2401,5
2402,1
2403,1
2404,2
2405,0
2406,6
2407,2
2408,6
2409,1
2410,5
2411,6
2412,2
2413,6
2414,7
2415,1
2416,0
2417,1
2418,6
2419,6
2420,1
2421,8
2422,4
2423,7
2424,8
2425,6
2426,0
2427,1
2428,7
2429,3
2430,1
2431,5
2432,5
2433,1
2434,5
2435,5
2436,7
2437,8
2438,1
2439,4
2440,2
2441,7
2442,4
2443,7
2444,7
2445,7
2446,2
2447,1
2448,0
2449,2
2450,6
2451,1
2452,2
2453,7
2454,1
2455,2
2456,5
2457,2
2458,6
2459,3
2460,0
2461,6
2462,8
2463,5
2464,6
2465,1
2466,5
2467,0
2468,0
2469,7
2470,3
2471,3
2472,2
2473,7
2474,4
2475,2
2476,8
2477,4
2478,0
2479,2
2480,2
2481,6
2482,8
2483,6
2484,6
2485,0
2486,2
2487,2
2488,8
2489,6
2490,6
2491,5
2492,4
2493,7
2494,2
2495,7
2496,2
2497,5
2498,0
2499,1
2500,3
2501,2
2502,0
2503,8
2504,7
2505,1
2506,5
2507,6
2508,7
2509,6
2510,8
2511,2
2512,2
2513,0
2514,2
2515,5
2516,2
2517,7
2518,7
2519,5
2520,7
2521,0
2522,5
2523,6
2524,0
2525,8
2526,6
2527,0
2528,2
2529,0
2530,8
2531,4
2532,1
2533,6
2534,2
2535,6
2536,8
2537,2
2538,6
2539,0
2540,0
2541,2
2542,1
2543,1
2544,8
2545,1
2546,1
2547,7
2548,3
2549,6
2550,0
2551,7
2552,6
2553,2
2554,2
2555,2
2556,5
2557,7
2558,0
2559,1
2560,2
2561,0
2562,4
2563,7
2564,2
2565,0
2566,7
2567,1
2568,8
2569,1
2570,4
2571,5
2572,6
2573,5
2574,6
2575,1
2576,7
2577,5
2578,7
2579,0
2580,7
2581,0
2582,6
2583,0
2584,3
2585,1
2586,5
2587,0
2588,2
2589,3
2590,6
2591,0
2592,6
2593,7
2594,5
2595,5
2596,5
2597,5
2598,0
2599,5
2600,2
2601,2
2602,1
2603,2
2604,0
2605,7
2606,8
2607,2
2608,6
2609,1
2610,7
2611,6
2612,8
2613,0
2614,2
2615,7
2616,2
2617,0
2618,2
2619,5
2620,4
2621,0
2622,3
2623,1
2624,0
2625,1
2626,5
2627,5
2628,6
2629,7
2630,0
2631,0
2632,0
2633,1
2634,1
2635,3
2636,6
2637,4
2638,3
2639,8
2640,2
2641,5
2642,1
2643,7
2644,2
2645,1
2646,0
2647,4
2648,1
2649,8
2650,7
2651,2
2652,0
2653,6
2654,7
2655,0
2656,8
2657,6
2658,5
2659,5
2660,1
2661,2
2662,4
2663,6
2664,0
2665,1
2666,5
2667,5
2668,0
2669,2
2670,0
2671,3
2672,7
2673,7
2674,1
2675,7
2676,4
2677,0
2678,6
2679,5
2680,2
2681,0
2682,4
2683,0
2684,2
2685,5
2686,7
2687,0
2688,1
2689,5
2690,5
2691,7
2692,1
2693,6
2694,6
2695,0
2696,6
2697,6
2698,0
2699,0
2700,7
2701,0
2702,2
2703,4
2704,8
2705,0
2706,4
2707,1
2708,6
2709,0
2710,1
2711,4
2712,2
2713,1
2714,5
2715,4
2716,2
2717,7
2718,5
2719,0
2720,1
2721,6
2722,0
2723,6
2724,2
2725,0
2726,3
2727,0
2728,2
2729,6
2730,2
2731,5
2732,2
2733,5
2734,7
2735,2
2736,2
2737,6
2738,5
2739,6
2740,1
2741,0
2742,1
2743,5
2744,6
2745,5
2746,8
2747,7
2748,4
2749,0
2750,0
2751,2
2752,0
2753,1
2754,0
2755,5
2756,1
2757,6
2758,8
2759,7
2760,2
2761,5
2762,6
2763,6
2764,0
2765,5
2766,6
2767,6
2768,8
2769,7
2770,5
2771,0
2772,5
2773,0
2774,5
2775,1
2776,4
2777,0
2778,0
2779,7
2780,4
2781,0
2782,0
2783,0
2784,6
2785,5
2786,6
2787,3
2788,5
2789,6
2790,2
2791,3
2792,2
2793,5
2794,6
2795,5
2796,6
2797,7
2798,6
2799,2
2800,6
2801,0
2802,2
2803,0
2804,0
2805,2
2806,6
2807,5
2808,1
2809,8
2810,7
2811,1
2812,5
2813,7
2814,0
2815,8
2816,1
2817,0
2818,6
2819,8
2820,5
2821,3
2822,7
2823,7
2824,5
2825,0
2826,1
2827,2
2828,2
2829,6
2830,2
2831,3
2832,8
2833,7
2834,5
2835,6
2836,7
2837,4
2838,0
2839,0
2840,3
2841,2
2842,2
2843,6
2844,7
2845,2
2846,6
2847,8
2848,1
2849,2
2850,7
2851,1
2852,1
2853,2
2854,0
2855,2
2856,5
2857,7
2858,1
2859,5
2860,2
2861,2
2862,7
2863,1
2864,2
2865,5
2866,0
2867,5
2868,4
2869,7
2870,3
2871,6
2872,0
2873,8
2874,2
2875,8
2876,5
2877,3
2878,1
2879,0
2880,5
2881,7
2882,2
2883,1
2884,1
2885,1
2886,5
2887,4
2888,0
2889,1
2890,7
2891,0
2892,4
2893,0
2894,2
2895,8
2896,2
2897,7
2898,8
2899,7
2900,3
2901,0
2902,0
2903,1
2904,6
2905,5
2906,7
2907,0
2908,3
2909,5
2910,5
2911,0
2912,0
2913,5
2914,2
2915,6
2916,8
2917,0
2918,1
2919,0
2920,4
2921,8
2922,1
2923,1
2924,8
2925,4
2926,5
2927,8
2928,0
2929,5
2930,7
2931,6
2932,0
2933,5
2934,5
2935,2
2936,0
2937,3
2938,7
2939,2
2940,4
2941,7
2942,0
2943,1
2944,3
2945,8
2946,8
2947,0
2948,3
2949,0
2950,6
2951,5
2952,1
2953,5
2954,5
2955,2
2956,8
2957,5
2958,0
2959,6
2960,0
2961,1
2962,5
2963,2
2964,3
2965,2
2966,6
2967,2
2968,6
2969,6
2970,2
2971,6
2972,1
2973,6
2974,1
2975,5
2976,7
2977,7
2978,5
2979,5
2980,7
2981,2
2982,7
2983,2
2984,7
2985,0
2986,5
2987,7
2988,1
2989,0
2990,6
2991,6
2992,0
2993,6
2994,5
2995,1
2996,7
2997,1
2998,1
2999,6
3000,1
3001,2
3002,0
3003,4
3004,4
3005,6
3006,5
3007,2
3008,0
3009,3
3010,0
3011,5
3012,7
3013,0
3014,7
3015,2
3016,5
3017,0
3018,6
3019,7
3020,8
3021,5
3022,7
3023,2
3024,5
3025,7
3026,2
3027,5
3028,7
3029,6
3030,6
3031,2
3032,5
3033,5
3034,7
3035,2
3036,5
3037,0
3038,6
3039,7
3040,6
3041,1
3042,6
3043,4
3044,1
3045,0
3046,5
3047,5
3048,4
3049,1
3050,1
3051,1
3052,7
3053,7
3054,6
3055,5
3056,1
3057,5
3058,1
3059,8
3060,5
3061,2
3062,7
3063,6
3064,6
3065,2
3066,1
3067,0
3068,0
3069,8
3070,5
3071,6
3072,6
3073,3
3074,6
3075,5
3076,8
3077,6
3078,6
3079,0
3080,6
3081,7
3082,2
3083,5
3084,7
3085,5
3086,5
3087,7
3088,4
3089,0
3090,5
3091,6
3092,0
3093,1
3094,2
3095,3
3096,4
3097,1
3098,8
3099,2
3100,2
3101,5
3102,4
3103,0
3104,8
3105,4
3106,0
3107,6
3108,2
3109,0
3110,3
3111,3
3112,0
3113,5
3114,6
3115,5
3116,1
3117,3
3118,5
